{"stats":{"minecraft:picked_up":{"minecraft:birch_log":36,"minecraft:stick":33,"minecraft:crafting_table":2,"minecraft:torch":4,"minecraft:porkchop":6,"minecraft:oak_log":95,"minecraft:dirt":212,"minecraft:apple":2,"minecraft:wheat_seeds":3,"minecraft:oak_sapling":36,"minecraft:birch_sapling":8,"minecraft:cobblestone":20},"minecraft:killed":{"minecraft:zombie":1,"minecraft:pig":2},"minecraft:mined":{"minecraft:birch_log":36,"minecraft:birch_leaves":3,"minecraft:crafting_table":2,"minecraft:short_grass":10,"minecraft:grass_block":143,"minecraft:oak_log":94,"minecraft:dirt":39,"minecraft:stone":20,"minecraft:oak_leaves":56},"minecraft:crafted":{"minecraft:oak_planks":36,"minecraft:stone_shovel":2,"minecraft:cooked_porkchop":6,"minecraft:crafting_table":1,"minecraft:stick":8,"minecraft:wooden_pickaxe":1,"minecraft:stone_pickaxe":1,"minecraft:stone_sword":1,"minecraft:chest":3,"minecraft:furnace":2,"minecraft:torch":28,"minecraft:stone_axe":2,"minecraft:air":0},"minecraft:custom":{"minecraft:time_since_rest":34854,"minecraft:interact_with_furnace":7,"minecraft:sprint_one_cm":24392,"minecraft:damage_taken":235,"minecraft:walk_one_cm":143131,"minecraft:mob_kills":3,"minecraft:damage_dealt":460,"minecraft:interact_with_crafting_table":7,"minecraft:fly_one_cm":216238,"minecraft:open_chest":5,"minecraft:crouch_one_cm":7017,"minecraft:play_time":34854,"minecraft:sneak_time":1578,"minecraft:jump":323,"minecraft:leave_game":3,"minecraft:time_since_death":34854,"minecraft:total_world_time":34854,"minecraft:fall_one_cm":5456},"minecraft:broken":{"minecraft:stone_shovel":1,"minecraft:stone_axe":1},"minecraft:used":{"minecraft:stone_sword":5,"minecraft:apple":2,"minecraft:stone_shovel":157,"minecraft:stone_pickaxe":15,"minecraft:chest":2,"minecraft:wooden_pickaxe":9,"minecraft:stone_axe":172,"minecraft:torch":29,"minecraft:dirt":129,"minecraft:crafting_table":3,"minecraft:furnace":2,"minecraft:cooked_porkchop":2}},"DataVersion":3839}