{"stats":{"minecraft:mined":{"minecraft:grass_block":4,"minecraft:oak_log":10,"minecraft:dirt":15,"minecraft:birch_log":6,"minecraft:stone":8,"minecraft:birch_leaves":1,"minecraft:oak_leaves":4,"minecraft:crafting_table":1},"minecraft:used":{"minecraft:stone_axe":19,"minecraft:crafting_table":1,"minecraft:wooden_pickaxe":9},"minecraft:crafted":{"minecraft:stone_sword":1,"minecraft:oak_planks":12,"minecraft:crafting_table":1,"minecraft:stone_axe":1,"minecraft:stick":8,"minecraft:wooden_pickaxe":1,"minecraft:stone_pickaxe":1},"minecraft:picked_up":{"minecraft:birch_log":6,"minecraft:stick":2,"minecraft:crafting_table":1,"minecraft:oak_log":10,"minecraft:oak_sapling":3,"minecraft:birch_sapling":1,"minecraft:cobblestone":8,"minecraft:dirt":19},"minecraft:custom":{"minecraft:time_since_rest":3384,"minecraft:sprint_one_cm":1470,"minecraft:play_time":3384,"minecraft:walk_one_cm":7692,"minecraft:jump":18,"minecraft:leave_game":1,"minecraft:time_since_death":3384,"minecraft:total_world_time":3384,"minecraft:fly_one_cm":554,"minecraft:interact_with_crafting_table":2}},"DataVersion":3839}